ID,Asking_Price,Bedrooms,Square_Feet,Baths,Garage,Stories,Year,Lot_Size,Age,Total_Rooms
46,119.9,3,960,1,1,1,1958,12750,48,6
20,123.5,2,2191,1.5,3,1,1962,49658,44,6
62,75,3,840,1,0,1,1916,NA,90,5
14,129.9,3,1176,1,1,1,1960,6534,46,NA
37,94.9,4,1158,1,1,2,1906,NA,100,7
30,109.9,4,1170,1.5,1,2,1935,NA,71,6
9,139.9,3,1080,1,1,2,1956,5808,50,6
56,109.9,4,1712,1,1,2,1885,7405,121,NA
3,148.999,4,1050,1.5,1,1,1972,7788,34,9
23,119.9,4,1015,1,2,2,1930,6534,76,7
41,128.5,4,983,2,1,2,1996,NA,10,7
34,101,3,1128,2,0,2,1898,NA,108,NA
16,129.5,2,884,1,2,1,1960,10416,46,7
8,139.9,3,1378,1.5,1,2,1946,NA,60,8
38,83.9,3,1100,1,0,2,1911,2656,95,7
48,119.9,3,1080,1,1,2,1923,NA,83,7
39,79.5,4,1122,2,0,2,1911,6098,95,NA
47,119.9,3,1084,1,2,2,1949,8250,57,6
60,102.9,3,1098,1,0,2,1906,5227,100,7
15,129.9,2,1155,1,2,1,1966,8276,40,5
59,104.9,2,780,1,1,1,1943,NA,63,NA
1,163.9,2,1100,1,2,2,2006,12600,0,7
26,115.7,2,1080,1.5,0,1,2006,5220,0,5
53,114.9,4,1405,2,2,2,1900,5875,106,7
31,109.9,2,1012,3,2,1,1947,NA,59,5
35,99.9,2,836,2,1,1,1999,86000,7,5
5,144.9,4,2590,2,2,2,1901,NA,105,9
18,124.9,5,1680,2,0,2,1900,5330,106,6
44,124.9,3,1288,2.5,1,2,1949,6098,57,NA
7,139.9,2,960,1,2,2,2006,7864,0,5
32,105.9,2,1064,1,2,1,1900,10824,106,5
65,84.9,3,1297,1,1,2,1871,6600,135,5
21,119.9,3,960,1,1,1,1958,12750,48,6
40,63.9,3,1252,1,1,2,1901,5227,105,6
11,135,4,1626,1.5,1,2,1953,8799,53,NA
12,134.9,5,2002,1.5,0,2,1901,NA,105,7
10,136.9,3,1296,1,2,1,1960,16335,46,7
45,123.9,3,1395,2,1,2,1906,NA,100,7
28,114.9,3,1136,1,1,1,1946,6534,60,6
54,114.9,3,1136,1,1,1,1946,6534,60,6
29,112.9,3,1044,1,1,2,1906,6534,100,5
58,106.9,2,752,2,1,1,2005,NA,1,4
51,116.9,4,1519,1,0,2,1902,NA,104,7
